<?xml version="1.0" encoding="UTF-8"?>
<GenRun Id="impl_1" LaunchPart="xc7z020clg400-1" LaunchTime="1687663083">
  <File Type="ROUTE-PWR" Name="Fs_measure__power_routed.rpt"/>
  <File Type="PA-TCL" Name="Fs_measure_.tcl"/>
  <File Type="BITSTR-MMI" Name="Fs_measure_.mmi"/>
  <File Type="OPT-METHODOLOGY-DRC" Name="Fs_measure__methodology_drc_opted.rpt"/>
  <File Type="INIT-TIMING" Name="Fs_measure__timing_summary_init.rpt"/>
  <File Type="ROUTE-PWR-SUM" Name="Fs_measure__power_summary_routed.pb"/>
  <File Type="REPORTS-TCL" Name="Fs_measure__reports.tcl"/>
  <File Type="OPT-TIMING" Name="Fs_measure__timing_summary_opted.rpt"/>
  <File Type="OPT-DCP" Name="Fs_measure__opt.dcp"/>
  <File Type="OPT-DRC" Name="Fs_measure__drc_opted.rpt"/>
  <File Type="OPT-HWDEF" Name="Fs_measure_.hwdef"/>
  <File Type="PWROPT-DCP" Name="Fs_measure__pwropt.dcp"/>
  <File Type="PWROPT-DRC" Name="Fs_measure__drc_pwropted.rpt"/>
  <File Type="PWROPT-TIMING" Name="Fs_measure__timing_summary_pwropted.rpt"/>
  <File Type="PLACE-DCP" Name="Fs_measure__placed.dcp"/>
  <File Type="PLACE-IO" Name="Fs_measure__io_placed.rpt"/>
  <File Type="PLACE-CLK" Name="Fs_measure__clock_utilization_placed.rpt"/>
  <File Type="PLACE-UTIL" Name="Fs_measure__utilization_placed.rpt"/>
  <File Type="PLACE-UTIL-PB" Name="Fs_measure__utilization_placed.pb"/>
  <File Type="PLACE-CTRL" Name="Fs_measure__control_sets_placed.rpt"/>
  <File Type="PLACE-SIMILARITY" Name="Fs_measure__incremental_reuse_placed.rpt"/>
  <File Type="PLACE-PRE-SIMILARITY" Name="Fs_measure__incremental_reuse_pre_placed.rpt"/>
  <File Type="BG-BIN" Name="Fs_measure_.bin"/>
  <File Type="PLACE-TIMING" Name="Fs_measure__timing_summary_placed.rpt"/>
  <File Type="POSTPLACE-PWROPT-DCP" Name="Fs_measure__postplace_pwropt.dcp"/>
  <File Type="BITSTR-MSK" Name="Fs_measure_.msk"/>
  <File Type="POSTPLACE-PWROPT-TIMING" Name="Fs_measure__timing_summary_postplace_pwropted.rpt"/>
  <File Type="PHYSOPT-DCP" Name="Fs_measure__physopt.dcp"/>
  <File Type="PHYSOPT-DRC" Name="Fs_measure__drc_physopted.rpt"/>
  <File Type="BITSTR-RBT" Name="Fs_measure_.rbt"/>
  <File Type="PHYSOPT-TIMING" Name="Fs_measure__timing_summary_physopted.rpt"/>
  <File Type="ROUTE-ERROR-DCP" Name="Fs_measure__routed_error.dcp"/>
  <File Type="ROUTE-DCP" Name="Fs_measure__routed.dcp"/>
  <File Type="ROUTE-BLACKBOX-DCP" Name="Fs_measure__routed_bb.dcp"/>
  <File Type="ROUTE-DRC" Name="Fs_measure__drc_routed.rpt"/>
  <File Type="ROUTE-DRC-PB" Name="Fs_measure__drc_routed.pb"/>
  <File Type="ROUTE-DRC-RPX" Name="Fs_measure__drc_routed.rpx"/>
  <File Type="ROUTE-METHODOLOGY-DRC" Name="Fs_measure__methodology_drc_routed.rpt"/>
  <File Type="ROUTE-METHODOLOGY-DRC-RPX" Name="Fs_measure__methodology_drc_routed.rpx"/>
  <File Type="ROUTE-METHODOLOGY-DRC-PB" Name="Fs_measure__methodology_drc_routed.pb"/>
  <File Type="ROUTE-PWR-RPX" Name="Fs_measure__power_routed.rpx"/>
  <File Type="ROUTE-STATUS" Name="Fs_measure__route_status.rpt"/>
  <File Type="ROUTE-STATUS-PB" Name="Fs_measure__route_status.pb"/>
  <File Type="ROUTE-TIMINGSUMMARY" Name="Fs_measure__timing_summary_routed.rpt"/>
  <File Type="ROUTE-TIMING-PB" Name="Fs_measure__timing_summary_routed.pb"/>
  <File Type="ROUTE-TIMING-RPX" Name="Fs_measure__timing_summary_routed.rpx"/>
  <File Type="ROUTE-SIMILARITY" Name="Fs_measure__incremental_reuse_routed.rpt"/>
  <File Type="ROUTE-CLK" Name="Fs_measure__clock_utilization_routed.rpt"/>
  <File Type="ROUTE-BUS-SKEW" Name="Fs_measure__bus_skew_routed.rpt"/>
  <File Type="ROUTE-BUS-SKEW-PB" Name="Fs_measure__bus_skew_routed.pb"/>
  <File Type="ROUTE-BUS-SKEW-RPX" Name="Fs_measure__bus_skew_routed.rpx"/>
  <File Type="POSTROUTE-PHYSOPT-DCP" Name="Fs_measure__postroute_physopt.dcp"/>
  <File Type="POSTROUTE-PHYSOPT-BLACKBOX-DCP" Name="Fs_measure__postroute_physopt_bb.dcp"/>
  <File Type="POSTROUTE-PHYSOPT-TIMING" Name="Fs_measure__timing_summary_postroute_physopted.rpt"/>
  <File Type="POSTROUTE-PHYSOPT-TIMING-PB" Name="Fs_measure__timing_summary_postroute_physopted.pb"/>
  <File Type="POSTROUTE-PHYSOPT-TIMING-RPX" Name="Fs_measure__timing_summary_postroute_physopted.rpx"/>
  <File Type="POSTROUTE-PHYSOPT-BUS-SKEW" Name="Fs_measure__bus_skew_postroute_physopted.rpt"/>
  <File Type="BG-BIT" Name="Fs_measure_.bit"/>
  <File Type="POSTROUTE-PHYSOPT-BUS-SKEW-PB" Name="Fs_measure__bus_skew_postroute_physopted.pb"/>
  <File Type="POSTROUTE-PHYSOPT-BUS-SKEW-RPX" Name="Fs_measure__bus_skew_postroute_physopted.rpx"/>
  <File Type="BITSTR-NKY" Name="Fs_measure_.nky"/>
  <File Type="BITSTR-BMM" Name="Fs_measure__bd.bmm"/>
  <File Type="PDI-FILE" Name="Fs_measure_.pdi"/>
  <File Type="RCFI_FILE" Name="Fs_measure_.rcfi"/>
  <File Type="CFI_FILE" Name="Fs_measure_.cfi"/>
  <File Type="RNPI_FILE" Name="Fs_measure_.rnpi"/>
  <File Type="NPI_FILE" Name="Fs_measure_.npi"/>
  <File Type="RBD_FILE" Name="Fs_measure_.rbd"/>
  <File Type="BITSTR-LTX" Name="debug_nets.ltx"/>
  <File Type="BITSTR-LTX" Name="Fs_measure_.ltx"/>
  <File Type="BITSTR-SYSDEF" Name="Fs_measure_.sysdef"/>
  <File Type="BG-BGN" Name="Fs_measure_.bgn"/>
  <File Type="BG-DRC" Name="Fs_measure_.drc"/>
  <File Type="RDI-RDI" Name="Fs_measure_.vdi"/>
  <File Type="WBT-USG" Name="usage_statistics_webtalk.html"/>
  <File Type="ROUTE-RQS" Name="Fs_measure__routed.rqs"/>
  <File Type="POSTROUTE-PHYSOPT-RQS" Name="Fs_measure__postroute_physopted.rqs"/>
  <File Type="ROUTE-RQS-RPT" Name="route_report_qor_suggestions_0.rpt"/>
  <File Type="POSTROUTE-PHYSOPT-RQS-RPT" Name="postroute_physopt_report_qor_suggestions_0.rpt"/>
  <FileSet Name="sources" Type="DesignSrcs" RelSrcDir="$PSRCDIR/sources_1" RelGenDir="$PGENDIR/sources_1">
    <Filter Type="Srcs"/>
    <File Path="$PSRCDIR/sources_1/new/Fs_measure_.v">
      <FileInfo>
        <Attr Name="UsedIn" Val="synthesis"/>
        <Attr Name="UsedIn" Val="implementation"/>
        <Attr Name="UsedIn" Val="simulation"/>
      </FileInfo>
    </File>
    <Config>
      <Option Name="DesignMode" Val="RTL"/>
      <Option Name="TopModule" Val="Fs_measure_"/>
      <Option Name="TopAutoSet" Val="TRUE"/>
    </Config>
  </FileSet>
  <FileSet Name="constrs_in" Type="Constrs" RelSrcDir="$PSRCDIR/constrs_1">
    <Filter Type="Constrs"/>
    <File Path="$PSRCDIR/constrs_1/new/measure.xdc">
      <FileInfo>
        <Attr Name="UsedIn" Val="synthesis"/>
        <Attr Name="UsedIn" Val="implementation"/>
      </FileInfo>
    </File>
    <Config>
      <Option Name="TargetConstrsFile" Val="$PSRCDIR/constrs_1/new/measure.xdc"/>
      <Option Name="ConstrsType" Val="XDC"/>
    </Config>
  </FileSet>
  <FileSet Name="utils" Type="Utils" RelSrcDir="$PSRCDIR/utils_1">
    <Filter Type="Utils"/>
    <File Path="$PSRCDIR/utils_1/imports/synth_1/Fs_measure_.dcp">
      <FileInfo>
        <Attr Name="UsedIn" Val="synthesis"/>
        <Attr Name="UsedIn" Val="implementation"/>
        <Attr Name="UsedInSteps" Val="synth_1"/>
        <Attr Name="AutoDcp" Val="1"/>
      </FileInfo>
    </File>
    <Config>
      <Option Name="TopAutoSet" Val="TRUE"/>
    </Config>
  </FileSet>
  <Strategy Version="1" Minor="2">
    <StratHandle Name="Vivado Implementation Defaults" Flow="Vivado Implementation 2022"/>
    <Step Id="init_design"/>
    <Step Id="opt_design"/>
    <Step Id="power_opt_design"/>
    <Step Id="place_design"/>
    <Step Id="post_place_power_opt_design"/>
    <Step Id="phys_opt_design"/>
    <Step Id="route_design"/>
    <Step Id="post_route_phys_opt_design"/>
    <Step Id="write_bitstream"/>
  </Strategy>
  <BlockFileSet Type="BlockSrcs" Name="clk_wiz_0"/>
</GenRun>
